{
  "create_version": "3.0.18",
  "wunder_kiste": true,
  "whisper_imprinter": true,
  "grass_slab": true,
  "dirt_slab": true,
  "dirt_path_slab": true,
  "coarse_dirt_slab": true,
  "sand_slab": true,
  "red_sand_slab": true,
  "white_concrete_slab": true,
  "light_gray_concrete_slab": true,
  "gray_concrete_slab": true,
  "black_concrete_slab": true,
  "brown_concrete_slab": true,
  "red_concrete_slab": true,
  "orange_concrete_slab": true,
  "yellow_concrete_slab": true,
  "lime_concrete_slab": true,
  "green_concrete_slab": true,
  "cyan_concrete_slab": true,
  "light_blue_concrete_slab": true,
  "blue_concrete_slab": true,
  "purple_concrete_slab": true,
  "magenta_concrete_slab": true,
  "pink_concrete_slab": true,
  "white_terracotta_slab": true,
  "light_gray_terracotta_slab": true,
  "gray_terracotta_slab": true,
  "black_terracotta_slab": true,
  "brown_terracotta_slab": true,
  "red_terracotta_slab": true,
  "orange_terracotta_slab": true,
  "yellow_terracotta_slab": true,
  "lime_terracotta_slab": true,
  "green_terracotta_slab": true,
  "cyan_terracotta_slab": true,
  "light_blue_terracotta_slab": true,
  "blue_terracotta_slab": true,
  "purple_terracotta_slab": true,
  "magenta_terracotta_slab": true,
  "pink_terracotta_slab": true,
  "glass_slab": true,
  "white_stained_glass_slab": true,
  "light_gray_stained_glass_slab": true,
  "gray_stained_glass_slab": true,
  "black_stained_glass_slab": true,
  "brown_stained_glass_slab": true,
  "red_stained_glass_slab": true,
  "orange_stained_glass_slab": true,
  "yellow_stained_glass_slab": true,
  "lime_stained_glass_slab": true,
  "green_stained_glass_slab": true,
  "cyan_stained_glass_slab": true,
  "light_blue_stained_glass_slab": true,
  "blue_stained_glass_slab": true,
  "purple_stained_glass_slab": true,
  "magenta_stained_glass_slab": true,
  "pink_stained_glass_slab": true,
  "white_wool_slab": true,
  "light_gray_wool_slab": true,
  "gray_wool_slab": true,
  "black_wool_slab": true,
  "brown_wool_slab": true,
  "red_wool_slab": true,
  "orange_wool_slab": true,
  "yellow_wool_slab": true,
  "lime_wool_slab": true,
  "green_wool_slab": true,
  "cyan_wool_slab": true,
  "light_blue_wool_slab": true,
  "blue_wool_slab": true,
  "purple_wool_slab": true,
  "magenta_wool_slab": true,
  "pink_wool_slab": true,
  "pink_concrete_stairs": true,
  "white_concrete_stairs": true,
  "light_gray_concrete_stairs": true,
  "gray_concrete_stairs": true,
  "black_concrete_stairs": true,
  "brown_concrete_stairs": true,
  "red_concrete_stairs": true,
  "orange_concrete_stairs": true,
  "yellow_concrete_stairs": true,
  "lime_concrete_stairs": true,
  "green_concrete_stairs": true,
  "cyan_concrete_stairs": true,
  "light_blue_concrete_stairs": true,
  "blue_concrete_stairs": true,
  "purple_concrete_stairs": true,
  "magenta_concrete_stairs": true,
  "white_terracotta_stairs": true,
  "light_gray_terracotta_stairs": true,
  "gray_terracotta_stairs": true,
  "black_terracotta_stairs": true,
  "brown_terracotta_stairs": true,
  "red_terracotta_stairs": true,
  "orange_terracotta_stairs": true,
  "yellow_terracotta_stairs": true,
  "lime_terracotta_stairs": true,
  "green_terracotta_stairs": true,
  "cyan_terracotta_stairs": true,
  "light_blue_terracotta_stairs": true,
  "blue_terracotta_stairs": true,
  "purple_terracotta_stairs": true,
  "magenta_terracotta_stairs": true,
  "pink_terracotta_stairs": true,
  "white_wool_stairs": true,
  "light_gray_wool_stairs": true,
  "gray_wool_stairs": true,
  "black_wool_stairs": true,
  "brown_wool_stairs": true,
  "red_wool_stairs": true,
  "orange_wool_stairs": true,
  "yellow_wool_stairs": true,
  "lime_wool_stairs": true,
  "green_wool_stairs": true,
  "cyan_wool_stairs": true,
  "light_blue_wool_stairs": true,
  "blue_wool_stairs": true,
  "purple_wool_stairs": true,
  "magenta_wool_stairs": true,
  "pink_wool_stairs": true,
  "white_wool_wall": true,
  "light_gray_wool_wall": true,
  "gray_wool_wall": true,
  "black_wool_wall": true,
  "brown_wool_wall": true,
  "red_wool_wall": true,
  "orange_wool_wall": true,
  "yellow_wool_wall": true,
  "lime_wool_wall": true,
  "green_wool_wall": true,
  "cyan_wool_wall": true,
  "light_blue_wool_wall": true,
  "blue_wool_wall": true,
  "purple_wool_wall": true,
  "magenta_wool_wall": true,
  "pink_wool_wall": true,
  "white_concrete_wall": true,
  "light_gray_concrete_wall": true,
  "gray_concrete_wall": true,
  "black_concrete_wall": true,
  "brown_concrete_wall": true,
  "red_concrete_wall": true,
  "orange_concrete_wall": true,
  "yellow_concrete_wall": true,
  "lime_concrete_wall": true,
  "green_concrete_wall": true,
  "cyan_concrete_wall": true,
  "light_blue_concrete_wall": true,
  "blue_concrete_wall": true,
  "purple_concrete_wall": true,
  "magenta_concrete_wall": true,
  "pink_concrete_wall": true,
  "white_terracotta_wall": true,
  "light_gray_terracotta_wall": true,
  "gray_terracotta_wall": true,
  "black_terracotta_wall": true,
  "brown_terracotta_wall": true,
  "red_terracotta_wall": true,
  "orange_terracotta_wall": true,
  "yellow_terracotta_wall": true,
  "lime_terracotta_wall": true,
  "green_terracotta_wall": true,
  "cyan_terracotta_wall": true,
  "light_blue_terracotta_wall": true,
  "blue_terracotta_wall": true,
  "purple_terracotta_wall": true,
  "magenta_terracotta_wall": true,
  "pink_terracotta_wall": true,
  "acacia_wall": true,
  "birch_wall": true,
  "oak_wall": true,
  "dark_oak_wall": true,
  "jungle_wall": true,
  "crimson_wall": true,
  "warped_wall": true,
  "spruce_wall": true,
  "mangrove_wall": true,
  "modify_version": "3.0.18"
}