{
  "create_version": "3.0.18",
  "grass_slab": true,
  "grass_slab_stonecutter": true,
  "dirt_slab": true,
  "dirt_slab_stonecutter": true,
  "dirt_path_slab": true,
  "dirt_path_slab_stonecutter": true,
  "coarse_dirt_slab": true,
  "coarse_dirt_slab_stonecutter": true,
  "sand_slab": true,
  "sand_slab_stonecutter": true,
  "red_sand_slab": true,
  "red_sand_slab_stonecutter": true,
  "white_concrete_slab": true,
  "white_concrete_slab_stonecutter": true,
  "light_gray_concrete_slab": true,
  "light_gray_concrete_slab_stonecutter": true,
  "gray_concrete_slab": true,
  "gray_concrete_slab_stonecutter": true,
  "black_concrete_slab": true,
  "black_concrete_slab_stonecutter": true,
  "brown_concrete_slab": true,
  "brown_concrete_slab_stonecutter": true,
  "red_concrete_slab": true,
  "red_concrete_slab_stonecutter": true,
  "orange_concrete_slab": true,
  "orange_concrete_slab_stonecutter": true,
  "yellow_concrete_slab": true,
  "yellow_concrete_slab_stonecutter": true,
  "lime_concrete_slab": true,
  "lime_concrete_slab_stonecutter": true,
  "green_concrete_slab": true,
  "green_concrete_slab_stonecutter": true,
  "cyan_concrete_slab": true,
  "cyan_concrete_slab_stonecutter": true,
  "light_blue_concrete_slab": true,
  "light_blue_concrete_slab_stonecutter": true,
  "blue_concrete_slab": true,
  "blue_concrete_slab_stonecutter": true,
  "purple_concrete_slab": true,
  "purple_concrete_slab_stonecutter": true,
  "magenta_concrete_slab": true,
  "magenta_concrete_slab_stonecutter": true,
  "pink_concrete_slab": true,
  "pink_concrete_slab_stonecutter": true,
  "white_terracotta_slab": true,
  "white_terracotta_slab_stonecutter": true,
  "light_gray_terracotta_slab": true,
  "light_gray_terracotta_slab_stonecutter": true,
  "gray_terracotta_slab": true,
  "gray_terracotta_slab_stonecutter": true,
  "black_terracotta_slab": true,
  "black_terracotta_slab_stonecutter": true,
  "brown_terracotta_slab": true,
  "brown_terracotta_slab_stonecutter": true,
  "red_terracotta_slab": true,
  "red_terracotta_slab_stonecutter": true,
  "orange_terracotta_slab": true,
  "orange_terracotta_slab_stonecutter": true,
  "yellow_terracotta_slab": true,
  "yellow_terracotta_slab_stonecutter": true,
  "lime_terracotta_slab": true,
  "lime_terracotta_slab_stonecutter": true,
  "green_terracotta_slab": true,
  "green_terracotta_slab_stonecutter": true,
  "cyan_terracotta_slab": true,
  "cyan_terracotta_slab_stonecutter": true,
  "light_blue_terracotta_slab": true,
  "light_blue_terracotta_slab_stonecutter": true,
  "blue_terracotta_slab": true,
  "blue_terracotta_slab_stonecutter": true,
  "purple_terracotta_slab": true,
  "purple_terracotta_slab_stonecutter": true,
  "magenta_terracotta_slab": true,
  "magenta_terracotta_slab_stonecutter": true,
  "pink_terracotta_slab": true,
  "pink_terracotta_slab_stonecutter": true,
  "glass_slab": true,
  "glass_slab_stonecutter": true,
  "white_stained_glass_slab": true,
  "white_stained_glass_slab_stonecutter": true,
  "light_gray_stained_glass_slab": true,
  "light_gray_stained_glass_slab_stonecutter": true,
  "gray_stained_glass_slab": true,
  "gray_stained_glass_slab_stonecutter": true,
  "black_stained_glass_slab": true,
  "black_stained_glass_slab_stonecutter": true,
  "brown_stained_glass_slab": true,
  "brown_stained_glass_slab_stonecutter": true,
  "red_stained_glass_slab": true,
  "red_stained_glass_slab_stonecutter": true,
  "orange_stained_glass_slab": true,
  "orange_stained_glass_slab_stonecutter": true,
  "yellow_stained_glass_slab": true,
  "yellow_stained_glass_slab_stonecutter": true,
  "lime_stained_glass_slab": true,
  "lime_stained_glass_slab_stonecutter": true,
  "green_stained_glass_slab": true,
  "green_stained_glass_slab_stonecutter": true,
  "cyan_stained_glass_slab": true,
  "cyan_stained_glass_slab_stonecutter": true,
  "light_blue_stained_glass_slab": true,
  "light_blue_stained_glass_slab_stonecutter": true,
  "blue_stained_glass_slab": true,
  "blue_stained_glass_slab_stonecutter": true,
  "purple_stained_glass_slab": true,
  "purple_stained_glass_slab_stonecutter": true,
  "magenta_stained_glass_slab": true,
  "magenta_stained_glass_slab_stonecutter": true,
  "pink_stained_glass_slab": true,
  "pink_stained_glass_slab_stonecutter": true,
  "white_wool_slab": true,
  "white_wool_slab_stonecutter": true,
  "light_gray_wool_slab": true,
  "light_gray_wool_slab_stonecutter": true,
  "gray_wool_slab": true,
  "gray_wool_slab_stonecutter": true,
  "black_wool_slab": true,
  "black_wool_slab_stonecutter": true,
  "brown_wool_slab": true,
  "brown_wool_slab_stonecutter": true,
  "red_wool_slab": true,
  "red_wool_slab_stonecutter": true,
  "orange_wool_slab": true,
  "orange_wool_slab_stonecutter": true,
  "yellow_wool_slab": true,
  "yellow_wool_slab_stonecutter": true,
  "lime_wool_slab": true,
  "lime_wool_slab_stonecutter": true,
  "green_wool_slab": true,
  "green_wool_slab_stonecutter": true,
  "cyan_wool_slab": true,
  "cyan_wool_slab_stonecutter": true,
  "light_blue_wool_slab": true,
  "light_blue_wool_slab_stonecutter": true,
  "blue_wool_slab": true,
  "blue_wool_slab_stonecutter": true,
  "purple_wool_slab": true,
  "purple_wool_slab_stonecutter": true,
  "magenta_wool_slab": true,
  "magenta_wool_slab_stonecutter": true,
  "pink_wool_slab": true,
  "pink_wool_slab_stonecutter": true,
  "pink_concrete_stairs": true,
  "pink_concrete_stairs_stonecutter": true,
  "white_concrete_stairs": true,
  "white_concrete_stairs_stonecutter": true,
  "light_gray_concrete_stairs": true,
  "light_gray_concrete_stairs_stonecutter": true,
  "gray_concrete_stairs": true,
  "gray_concrete_stairs_stonecutter": true,
  "black_concrete_stairs": true,
  "black_concrete_stairs_stonecutter": true,
  "brown_concrete_stairs": true,
  "brown_concrete_stairs_stonecutter": true,
  "red_concrete_stairs": true,
  "red_concrete_stairs_stonecutter": true,
  "orange_concrete_stairs": true,
  "orange_concrete_stairs_stonecutter": true,
  "yellow_concrete_stairs": true,
  "yellow_concrete_stairs_stonecutter": true,
  "lime_concrete_stairs": true,
  "lime_concrete_stairs_stonecutter": true,
  "green_concrete_stairs": true,
  "green_concrete_stairs_stonecutter": true,
  "cyan_concrete_stairs": true,
  "cyan_concrete_stairs_stonecutter": true,
  "light_blue_concrete_stairs": true,
  "light_blue_concrete_stairs_stonecutter": true,
  "blue_concrete_stairs": true,
  "blue_concrete_stairs_stonecutter": true,
  "purple_concrete_stairs": true,
  "purple_concrete_stairs_stonecutter": true,
  "magenta_concrete_stairs": true,
  "magenta_concrete_stairs_stonecutter": true,
  "white_terracotta_stairs": true,
  "white_terracotta_stairs_stonecutter": true,
  "light_gray_terracotta_stairs": true,
  "light_gray_terracotta_stairs_stonecutter": true,
  "gray_terracotta_stairs": true,
  "gray_terracotta_stairs_stonecutter": true,
  "black_terracotta_stairs": true,
  "black_terracotta_stairs_stonecutter": true,
  "brown_terracotta_stairs": true,
  "brown_terracotta_stairs_stonecutter": true,
  "red_terracotta_stairs": true,
  "red_terracotta_stairs_stonecutter": true,
  "orange_terracotta_stairs": true,
  "orange_terracotta_stairs_stonecutter": true,
  "yellow_terracotta_stairs": true,
  "yellow_terracotta_stairs_stonecutter": true,
  "lime_terracotta_stairs": true,
  "lime_terracotta_stairs_stonecutter": true,
  "green_terracotta_stairs": true,
  "green_terracotta_stairs_stonecutter": true,
  "cyan_terracotta_stairs": true,
  "cyan_terracotta_stairs_stonecutter": true,
  "light_blue_terracotta_stairs": true,
  "light_blue_terracotta_stairs_stonecutter": true,
  "blue_terracotta_stairs": true,
  "blue_terracotta_stairs_stonecutter": true,
  "purple_terracotta_stairs": true,
  "purple_terracotta_stairs_stonecutter": true,
  "magenta_terracotta_stairs": true,
  "magenta_terracotta_stairs_stonecutter": true,
  "pink_terracotta_stairs": true,
  "pink_terracotta_stairs_stonecutter": true,
  "white_wool_stairs": true,
  "white_wool_stairs_stonecutter": true,
  "light_gray_wool_stairs": true,
  "light_gray_wool_stairs_stonecutter": true,
  "gray_wool_stairs": true,
  "gray_wool_stairs_stonecutter": true,
  "black_wool_stairs": true,
  "black_wool_stairs_stonecutter": true,
  "brown_wool_stairs": true,
  "brown_wool_stairs_stonecutter": true,
  "red_wool_stairs": true,
  "red_wool_stairs_stonecutter": true,
  "orange_wool_stairs": true,
  "orange_wool_stairs_stonecutter": true,
  "yellow_wool_stairs": true,
  "yellow_wool_stairs_stonecutter": true,
  "lime_wool_stairs": true,
  "lime_wool_stairs_stonecutter": true,
  "green_wool_stairs": true,
  "green_wool_stairs_stonecutter": true,
  "cyan_wool_stairs": true,
  "cyan_wool_stairs_stonecutter": true,
  "light_blue_wool_stairs": true,
  "light_blue_wool_stairs_stonecutter": true,
  "blue_wool_stairs": true,
  "blue_wool_stairs_stonecutter": true,
  "purple_wool_stairs": true,
  "purple_wool_stairs_stonecutter": true,
  "magenta_wool_stairs": true,
  "magenta_wool_stairs_stonecutter": true,
  "pink_wool_stairs": true,
  "pink_wool_stairs_stonecutter": true,
  "white_wool_wall": true,
  "white_wool_wall_stonecutter": true,
  "light_gray_wool_wall": true,
  "light_gray_wool_wall_stonecutter": true,
  "gray_wool_wall": true,
  "gray_wool_wall_stonecutter": true,
  "black_wool_wall": true,
  "black_wool_wall_stonecutter": true,
  "brown_wool_wall": true,
  "brown_wool_wall_stonecutter": true,
  "red_wool_wall": true,
  "red_wool_wall_stonecutter": true,
  "orange_wool_wall": true,
  "orange_wool_wall_stonecutter": true,
  "yellow_wool_wall": true,
  "yellow_wool_wall_stonecutter": true,
  "lime_wool_wall": true,
  "lime_wool_wall_stonecutter": true,
  "green_wool_wall": true,
  "green_wool_wall_stonecutter": true,
  "cyan_wool_wall": true,
  "cyan_wool_wall_stonecutter": true,
  "light_blue_wool_wall": true,
  "light_blue_wool_wall_stonecutter": true,
  "blue_wool_wall": true,
  "blue_wool_wall_stonecutter": true,
  "purple_wool_wall": true,
  "purple_wool_wall_stonecutter": true,
  "magenta_wool_wall": true,
  "magenta_wool_wall_stonecutter": true,
  "pink_wool_wall": true,
  "pink_wool_wall_stonecutter": true,
  "white_concrete_wall": true,
  "white_concrete_wall_stonecutter": true,
  "light_gray_concrete_wall": true,
  "light_gray_concrete_wall_stonecutter": true,
  "gray_concrete_wall": true,
  "gray_concrete_wall_stonecutter": true,
  "black_concrete_wall": true,
  "black_concrete_wall_stonecutter": true,
  "brown_concrete_wall": true,
  "brown_concrete_wall_stonecutter": true,
  "red_concrete_wall": true,
  "red_concrete_wall_stonecutter": true,
  "orange_concrete_wall": true,
  "orange_concrete_wall_stonecutter": true,
  "yellow_concrete_wall": true,
  "yellow_concrete_wall_stonecutter": true,
  "lime_concrete_wall": true,
  "lime_concrete_wall_stonecutter": true,
  "green_concrete_wall": true,
  "green_concrete_wall_stonecutter": true,
  "cyan_concrete_wall": true,
  "cyan_concrete_wall_stonecutter": true,
  "light_blue_concrete_wall": true,
  "light_blue_concrete_wall_stonecutter": true,
  "blue_concrete_wall": true,
  "blue_concrete_wall_stonecutter": true,
  "purple_concrete_wall": true,
  "purple_concrete_wall_stonecutter": true,
  "magenta_concrete_wall": true,
  "magenta_concrete_wall_stonecutter": true,
  "pink_concrete_wall": true,
  "pink_concrete_wall_stonecutter": true,
  "white_terracotta_wall": true,
  "white_terracotta_wall_stonecutter": true,
  "light_gray_terracotta_wall": true,
  "light_gray_terracotta_wall_stonecutter": true,
  "gray_terracotta_wall": true,
  "gray_terracotta_wall_stonecutter": true,
  "black_terracotta_wall": true,
  "black_terracotta_wall_stonecutter": true,
  "brown_terracotta_wall": true,
  "brown_terracotta_wall_stonecutter": true,
  "red_terracotta_wall": true,
  "red_terracotta_wall_stonecutter": true,
  "orange_terracotta_wall": true,
  "orange_terracotta_wall_stonecutter": true,
  "yellow_terracotta_wall": true,
  "yellow_terracotta_wall_stonecutter": true,
  "lime_terracotta_wall": true,
  "lime_terracotta_wall_stonecutter": true,
  "green_terracotta_wall": true,
  "green_terracotta_wall_stonecutter": true,
  "cyan_terracotta_wall": true,
  "cyan_terracotta_wall_stonecutter": true,
  "light_blue_terracotta_wall": true,
  "light_blue_terracotta_wall_stonecutter": true,
  "blue_terracotta_wall": true,
  "blue_terracotta_wall_stonecutter": true,
  "purple_terracotta_wall": true,
  "purple_terracotta_wall_stonecutter": true,
  "magenta_terracotta_wall": true,
  "magenta_terracotta_wall_stonecutter": true,
  "pink_terracotta_wall": true,
  "pink_terracotta_wall_stonecutter": true,
  "acacia_wall": true,
  "acacia_wall_stonecutter": true,
  "birch_wall": true,
  "birch_wall_stonecutter": true,
  "oak_wall": true,
  "oak_wall_stonecutter": true,
  "dark_oak_wall": true,
  "dark_oak_wall_stonecutter": true,
  "jungle_wall": true,
  "jungle_wall_stonecutter": true,
  "crimson_wall": true,
  "crimson_wall_stonecutter": true,
  "warped_wall": true,
  "warped_wall_stonecutter": true,
  "spruce_wall": true,
  "spruce_wall_stonecutter": true,
  "mangrove_wall": true,
  "mangrove_wall_stonecutter": true,
  "wunder_kiste": true,
  "whisperer_blank": true,
  "whisper_imprinter": true,
  "builders_trowel": true,
  "diamond_builders_trowel": true,
  "imprinter/enchantment.minecraft.protection": true,
  "imprinter/enchantment.minecraft.fire_protection": true,
  "imprinter/enchantment.minecraft.feather_falling": true,
  "imprinter/enchantment.minecraft.blast_protection": true,
  "imprinter/enchantment.minecraft.projectile_protection": true,
  "imprinter/enchantment.minecraft.respiration": true,
  "imprinter/enchantment.minecraft.aqua_affinity": true,
  "imprinter/enchantment.minecraft.thorns": true,
  "imprinter/enchantment.minecraft.depth_strider": true,
  "imprinter/enchantment.minecraft.frost_walker": true,
  "imprinter/enchantment.minecraft.binding_curse": true,
  "imprinter/enchantment.minecraft.sharpness": true,
  "imprinter/enchantment.minecraft.smite": true,
  "imprinter/enchantment.minecraft.bane_of_arthropods": true,
  "imprinter/enchantment.minecraft.knockback": true,
  "imprinter/enchantment.minecraft.fire_aspect": true,
  "imprinter/enchantment.minecraft.looting": true,
  "imprinter/enchantment.minecraft.sweeping": true,
  "imprinter/enchantment.minecraft.efficiency": true,
  "imprinter/enchantment.minecraft.silk_touch": true,
  "imprinter/enchantment.minecraft.unbreaking": true,
  "imprinter/enchantment.minecraft.fortune": true,
  "imprinter/enchantment.minecraft.power": true,
  "imprinter/enchantment.minecraft.punch": true,
  "imprinter/enchantment.minecraft.flame": true,
  "imprinter/enchantment.minecraft.infinity": true,
  "imprinter/enchantment.minecraft.luck_of_the_sea": true,
  "imprinter/enchantment.minecraft.lure": true,
  "imprinter/enchantment.minecraft.loyalty": true,
  "imprinter/enchantment.minecraft.impaling": true,
  "imprinter/enchantment.minecraft.riptide": true,
  "imprinter/enchantment.minecraft.channeling": true,
  "imprinter/enchantment.minecraft.multishot": true,
  "imprinter/enchantment.minecraft.quick_charge": true,
  "imprinter/enchantment.minecraft.piercing": true,
  "imprinter/enchantment.minecraft.mending": true,
  "imprinter/enchantment.minecraft.vanishing_curse": true,
  "imprinter/enchantment.additionaladditions.precision": true,
  "imprinter/enchantment.additionaladditions.speed": true,
  "imprinter/enchantment.betterend.end_veil": true,
  "imprinter/enchantment.bewitchment.magic_protection": true,
  "imprinter/enchantment.charm.aerial_affinity": true,
  "imprinter/enchantment.charm.collection": true,
  "imprinter/enchantment.creatures_from_the_snow.hoofty": true,
  "imprinter/enchantment.creatures_from_the_snow.reindeer_sky": true,
  "imprinter/enchantment.farmersdelight.backstabbing": true,
  "imprinter/enchantment.mcda.bag_of_souls": true,
  "imprinter/enchantment.mcda.burning": true,
  "imprinter/enchantment.mcda.chilling": true,
  "imprinter/enchantment.mcda.cowardice": true,
  "imprinter/enchantment.mcda.death_barter": true,
  "imprinter/enchantment.mcda.deflect": true,
  "imprinter/enchantment.mcda.fire_focus": true,
  "imprinter/enchantment.mcda.fire_trail": true,
  "imprinter/enchantment.mcda.food_reserves": true,
  "imprinter/enchantment.mcda.frenzied": true,
  "imprinter/enchantment.mcda.heal_allies": true,
  "imprinter/enchantment.mcda.lucky_explorer": true,
  "imprinter/enchantment.mcda.poison_focus": true,
  "imprinter/enchantment.mcda.potion_barrier": true,
  "imprinter/enchantment.mcda.reckless": true,
  "imprinter/enchantment.mcda.recycler": true,
  "imprinter/enchantment.mcda.snowball": true,
  "imprinter/enchantment.mcda.surprise_gift": true,
  "imprinter/enchantment.mcda.swiftfooted": true,
  "imprinter/enchantment.mcdar.beast_boss": true,
  "imprinter/enchantment.mcdar.beast_burst": true,
  "imprinter/enchantment.mcdar.beast_surge": true,
  "imprinter/enchantment.mcdar.cooldown": true,
  "imprinter/enchantment.mcdw.ambush": true,
  "imprinter/enchantment.mcdw.anima_conduit": true,
  "imprinter/enchantment.mcdw.critical_hit": true,
  "imprinter/enchantment.mcdw.chains": true,
  "imprinter/enchantment.mcdw.committed": true,
  "imprinter/enchantment.mcdw.echo": true,
  "imprinter/enchantment.mcdw.enigma_resonator": true,
  "imprinter/enchantment.mcdw.exploding": true,
  "imprinter/enchantment.mcdw.freezing": true,
  "imprinter/enchantment.mcdw.gravity": true,
  "imprinter/enchantment.mcdw.guarding_strike": true,
  "imprinter/enchantment.mcdw.illagers_bane": true,
  "imprinter/enchantment.mcdw.jungle_poison": true,
  "imprinter/enchantment.mcdw.leeching": true,
  "imprinter/enchantment.mcdw.pain_cycle": true,
  "imprinter/enchantment.mcdw.poison_cloud": true,
  "imprinter/enchantment.mcdw.prospector": true,
  "imprinter/enchantment.mcdw.radiance": true,
  "imprinter/enchantment.mcdw.rampaging": true,
  "imprinter/enchantment.mcdw.refreshment": true,
  "imprinter/enchantment.mcdw.rushdown": true,
  "imprinter/enchantment.mcdw.shockwave": true,
  "imprinter/enchantment.mcdw.smiting": true,
  "imprinter/enchantment.mcdw.soul_devourer": true,
  "imprinter/enchantment.mcdw.soul_siphon": true,
  "imprinter/enchantment.mcdw.stunning": true,
  "imprinter/enchantment.mcdw.swirling": true,
  "imprinter/enchantment.mcdw.thundering": true,
  "imprinter/enchantment.mcdw.void_strike": true,
  "imprinter/enchantment.mcdw.weakening": true,
  "imprinter/enchantment.mcdw.accelerate": true,
  "imprinter/enchantment.mcdw.bonus_shot": true,
  "imprinter/enchantment.mcdw.burst_bowstring": true,
  "imprinter/enchantment.mcdw.chain_reaction": true,
  "imprinter/enchantment.mcdw.charge": true,
  "imprinter/enchantment.mcdw.cobweb_shot": true,
  "imprinter/enchantment.mcdw.dipping_poison": true,
  "imprinter/enchantment.mcdw.fuse_shot": true,
  "imprinter/enchantment.mcdw.growing": true,
  "imprinter/enchantment.mcdw.levitation_shot": true,
  "imprinter/enchantment.mcdw.overcharge": true,
  "imprinter/enchantment.mcdw.phantoms_mark": true,
  "imprinter/enchantment.mcdw.replenish": true,
  "imprinter/enchantment.mcdw.ricochet": true,
  "imprinter/enchantment.mcdw.tempo_theft": true,
  "imprinter/enchantment.mcdw.void_shot": true,
  "imprinter/enchantment.mcdw.wild_rage": true,
  "imprinter/enchantment.mining_dims.returning": true,
  "imprinter/enchantment.spirit.soul_reaper": true,
  "imprinter/enchantment.steves_vanilla.bog_armor": true,
  "imprinter/enchantment.steves_vanilla.sky_quilt": true,
  "imprinter/enchantment.supplementaries.stasis": true,
  "imprinter/enchantment.the_bumblezone.comb_cutter": true,
  "imprinter/enchantment.the_bumblezone.potent_poison": true,
  "imprinter/enchantment.the_bumblezone.neurotoxins": true,
  "imprinter/enchantment.things.retribution": true,
  "modify_version": "3.0.18"
}