{
  "options": {},
  "compression": 3,
  "debugMode": false,
  "paddingSize": 10,
  "backgroundColor": "base1",
  "foregroundColor": "text",
  "colorVariables": {
    "purple": "#ab9df2",
    "orange": "#fc9867",
    "yellow": "#ffd866",
    "text": "#fcfcfa",
    "blue": "#78dce8",
    "green": "#a9dc76",
    "base0": "#19181a",
    "base1": "#221f22",
    "base2": "#2d2a2e",
    "red": "#ff6188"
  },
  "progressBarHeight": 2,
  "progressBarSpeedDivision": 10,
  "progressColors": [
    "red",
    "orange",
    "yellow",
    "green"
  ],
  "progressTrackColor": "base0",
  "lineAmount": 200,
  "lineWidth": 100,
  "lineMinHeight": 4,
  "lineMaxHeight": 10,
  "lineSpeed": 2.0,
  "lineSpeedDifference": 4.0,
  "lineDirection": "LEFT",
  "lineColors": {
    "red": 1,
    "blue": 50,
    "base2": 1000
  },
  "customSplashLines": [],
  "addDefaultSplashLines": true
}