{
  "beach": {
    "coconutCrabSpawnChance": 0.2,
    "generateCoconutTrees": true,
    "generateSeashells": true
  },
  "desert": {
    "spawnCamels": true,
    "generatePricklyPears": true,
    "pricklyPearGrowthChance": 1.0,
    "generateDesertRuins": true
  },
  "snowy": {
    "spawnPenguins": true,
    "generateThinIcePatches": false
  },
  "plains": {
    "spawnSquirrels": true,
    "generateWalnutTrees": true
  },
  "lushCaves": {
    "replaceAzaleaTree": true,
    "generateSurfaceMoss": true
  }
}
