{
  "version": 1,
  "displayDebugData": false,
  "enabled": true,
  "leafSize": 5,
  "leafLifespan": 200,
  "leafSpawnRate": 10,
  "coniferLeafSpawnRate": 0,
  "snowflakeSpawnRate": 15,
  "dropFromPlayerPlacedBlocks": true,
  "leavesOnBlockHit": true,
  "minimumFreeSpaceBelow": 1,
  "windEnabled": true,
  "windlessDimensions": [
    "minecraft:the_end",
    "minecraft:the_nether"
  ],
  "leafSettings": {
    "minecraft:flowering_azalea_leaves": {
      "spawnRateFactor": 1.0,
      "isConiferBlock": false
    },
    "minecraft:jungle_leaves": {
      "spawnRateFactor": 0.0,
      "isConiferBlock": false
    },
    "blockus:white_oak_leaves": {
      "spawnRateFactor": 1.0,
      "isConiferBlock": false
    },
    "blockus:legacy_leaves": {
      "spawnRateFactor": 1.0,
      "isConiferBlock": false
    },
    "minecraft:mangrove_leaves": {
      "spawnRateFactor": 1.0,
      "isConiferBlock": false
    },
    "minecraft:birch_leaves": {
      "spawnRateFactor": 1.0,
      "isConiferBlock": false
    },
    "minecraft:azalea_leaves": {
      "spawnRateFactor": 1.0,
      "isConiferBlock": false
    },
    "minecraft:acacia_leaves": {
      "spawnRateFactor": 1.0,
      "isConiferBlock": false
    },
    "minecraft:oak_leaves": {
      "spawnRateFactor": 1.0,
      "isConiferBlock": false
    },
    "minecraft:dark_oak_leaves": {
      "spawnRateFactor": 1.0,
      "isConiferBlock": false
    },
    "architects_palette:twisted_leaves": {
      "spawnRateFactor": 1.0,
      "isConiferBlock": false
    },
    "minecraft:spruce_leaves": {
      "spawnRateFactor": 1.0,
      "isConiferBlock": true
    },
    "charm:ebony_leaves": {
      "spawnRateFactor": 1.0,
      "isConiferBlock": false
    },
    "fabricaeexnihilo:infested_oak_leaves": {
      "spawnRateFactor": 1.0,
      "isConiferBlock": false
    },
    "fabricaeexnihilo:infested_dark_oak_leaves": {
      "spawnRateFactor": 1.0,
      "isConiferBlock": false
    },
    "fabricaeexnihilo:infested_jungle_leaves": {
      "spawnRateFactor": 1.0,
      "isConiferBlock": false
    },
    "fabricaeexnihilo:infesting_leaves": {
      "spawnRateFactor": 1.0,
      "isConiferBlock": false
    },
    "fabricaeexnihilo:infested_birch_leaves": {
      "spawnRateFactor": 1.0,
      "isConiferBlock": false
    },
    "fabricaeexnihilo:infested_spruce_leaves": {
      "spawnRateFactor": 1.0,
      "isConiferBlock": false
    },
    "fabricaeexnihilo:infested_acacia_leaves": {
      "spawnRateFactor": 1.0,
      "isConiferBlock": false
    },
    "betterend:tenanea_leaves": {
      "spawnRateFactor": 1.0,
      "isConiferBlock": false
    },
    "betterend:pythadendron_leaves": {
      "spawnRateFactor": 1.0,
      "isConiferBlock": false
    },
    "bewitchment:dragons_blood_leaves": {
      "spawnRateFactor": 1.0,
      "isConiferBlock": true
    },
    "ecologics:walnut_leaves": {
      "spawnRateFactor": 1.0,
      "isConiferBlock": false
    },
    "bwplus:yew_leaves": {
      "spawnRateFactor": 1.0,
      "isConiferBlock": false
    },
    "edenring:auritis_leaves": {
      "spawnRateFactor": 1.0,
      "isConiferBlock": false
    },
    "betternether:anchor_tree_leaves": {
      "spawnRateFactor": 1.0,
      "isConiferBlock": false
    },
    "bewitchment:juniper_leaves": {
      "spawnRateFactor": 1.0,
      "isConiferBlock": true
    },
    "twilightforest:thorn_leaves": {
      "spawnRateFactor": 1.0,
      "isConiferBlock": false
    },
    "twilightforest:canopy_leaves": {
      "spawnRateFactor": 1.0,
      "isConiferBlock": false
    },
    "croptopia:cinnamon_leaves": {
      "spawnRateFactor": 1.0,
      "isConiferBlock": false
    },
    "twilightforest:rainbow_oak_leaves": {
      "spawnRateFactor": 1.0,
      "isConiferBlock": false
    },
    "betternether:willow_leaves": {
      "spawnRateFactor": 1.0,
      "isConiferBlock": false
    },
    "twilightforest:beanstalk_leaves": {
      "spawnRateFactor": 1.0,
      "isConiferBlock": false
    },
    "twilightforest:twilight_oak_leaves": {
      "spawnRateFactor": 1.0,
      "isConiferBlock": false
    },
    "betternether:rubeus_leaves": {
      "spawnRateFactor": 1.0,
      "isConiferBlock": false
    },
    "twilightforest:transformation_leaves": {
      "spawnRateFactor": 1.0,
      "isConiferBlock": false
    },
    "twilightforest:dark_leaves": {
      "spawnRateFactor": 1.0,
      "isConiferBlock": false
    },
    "ecologics:coconut_leaves": {
      "spawnRateFactor": 1.0,
      "isConiferBlock": false
    },
    "bewitchment:elder_leaves": {
      "spawnRateFactor": 1.0,
      "isConiferBlock": false
    },
    "betternether:nether_sakura_leaves": {
      "spawnRateFactor": 1.0,
      "isConiferBlock": false
    },
    "techreborn:rubber_leaves": {
      "spawnRateFactor": 1.0,
      "isConiferBlock": false
    },
    "bewitchment:cypress_leaves": {
      "spawnRateFactor": 1.0,
      "isConiferBlock": true
    },
    "twilightforest:mangrove_leaves": {
      "spawnRateFactor": 1.0,
      "isConiferBlock": false
    },
    "betterend:dragon_tree_leaves": {
      "spawnRateFactor": 1.0,
      "isConiferBlock": false
    },
    "twilightforest:mining_leaves": {
      "spawnRateFactor": 1.0,
      "isConiferBlock": false
    },
    "betterend:lucernia_leaves": {
      "spawnRateFactor": 1.0,
      "isConiferBlock": false
    },
    "twilightforest:sorting_leaves": {
      "spawnRateFactor": 1.0,
      "isConiferBlock": false
    },
    "twilightforest:time_leaves": {
      "spawnRateFactor": 1.0,
      "isConiferBlock": false
    },
    "fabricaeexnihilo:infested_rubber_leaves": {
      "spawnRateFactor": 1.0,
      "isConiferBlock": false
    },
    "betterend:lacugrove_leaves": {
      "spawnRateFactor": 1.0,
      "isConiferBlock": false
    },
    "croptopia:nectarine_crop": {
      "spawnRateFactor": 1.0,
      "isConiferBlock": false
    },
    "betternether:black_vine": {
      "spawnRateFactor": 1.0,
      "isConiferBlock": false
    },
    "betternether:soul_vein": {
      "spawnRateFactor": 1.0,
      "isConiferBlock": false
    },
    "betternether:eye_vine": {
      "spawnRateFactor": 1.0,
      "isConiferBlock": false
    },
    "betternether:stalagnate_seed": {
      "spawnRateFactor": 1.0,
      "isConiferBlock": false
    },
    "croptopia:cherry_crop": {
      "spawnRateFactor": 1.0,
      "isConiferBlock": false
    },
    "croptopia:lemon_crop": {
      "spawnRateFactor": 1.0,
      "isConiferBlock": false
    },
    "betternether:magma_flower": {
      "spawnRateFactor": 1.0,
      "isConiferBlock": false
    },
    "betternether:anchor_tree_sapling": {
      "spawnRateFactor": 1.0,
      "isConiferBlock": false
    },
    "croptopia:mango_crop": {
      "spawnRateFactor": 1.0,
      "isConiferBlock": false
    },
    "croptopia:coconut_crop": {
      "spawnRateFactor": 1.0,
      "isConiferBlock": false
    },
    "croptopia:cashew_crop": {
      "spawnRateFactor": 1.0,
      "isConiferBlock": false
    },
    "croptopia:date_crop": {
      "spawnRateFactor": 1.0,
      "isConiferBlock": false
    },
    "croptopia:almond_crop": {
      "spawnRateFactor": 1.0,
      "isConiferBlock": false
    },
    "betternether:golden_vine": {
      "spawnRateFactor": 1.0,
      "isConiferBlock": false
    },
    "croptopia:walnut_crop": {
      "spawnRateFactor": 1.0,
      "isConiferBlock": false
    },
    "betternether:jellyfish_mushroom_sapling": {
      "spawnRateFactor": 1.0,
      "isConiferBlock": false
    },
    "croptopia:pear_crop": {
      "spawnRateFactor": 1.0,
      "isConiferBlock": false
    },
    "betternether:nether_sakura_sapling": {
      "spawnRateFactor": 1.0,
      "isConiferBlock": false
    },
    "betternether:eyeball": {
      "spawnRateFactor": 1.0,
      "isConiferBlock": false
    },
    "croptopia:fig_crop": {
      "spawnRateFactor": 1.0,
      "isConiferBlock": false
    },
    "betterend:cave_bush": {
      "spawnRateFactor": 1.0,
      "isConiferBlock": false
    },
    "croptopia:lime_crop": {
      "spawnRateFactor": 1.0,
      "isConiferBlock": false
    },
    "croptopia:plum_crop": {
      "spawnRateFactor": 1.0,
      "isConiferBlock": false
    },
    "croptopia:banana_crop": {
      "spawnRateFactor": 1.0,
      "isConiferBlock": false
    },
    "betternether:rubeus_sapling": {
      "spawnRateFactor": 1.0,
      "isConiferBlock": false
    },
    "betternether:black_apple": {
      "spawnRateFactor": 1.0,
      "isConiferBlock": false
    },
    "betternether:feather_fern": {
      "spawnRateFactor": 1.0,
      "isConiferBlock": false
    },
    "betternether:bone_mushroom": {
      "spawnRateFactor": 1.0,
      "isConiferBlock": false
    },
    "croptopia:orange_crop": {
      "spawnRateFactor": 1.0,
      "isConiferBlock": false
    },
    "croptopia:apricot_crop": {
      "spawnRateFactor": 1.0,
      "isConiferBlock": false
    },
    "croptopia:peach_crop": {
      "spawnRateFactor": 1.0,
      "isConiferBlock": false
    },
    "betternether:black_bush": {
      "spawnRateFactor": 1.0,
      "isConiferBlock": false
    },
    "betternether:anchor_tree_vine": {
      "spawnRateFactor": 1.0,
      "isConiferBlock": false
    },
    "croptopia:pecan_crop": {
      "spawnRateFactor": 1.0,
      "isConiferBlock": false
    },
    "betternether:eyeball_small": {
      "spawnRateFactor": 1.0,
      "isConiferBlock": false
    },
    "betternether:egg_plant": {
      "spawnRateFactor": 1.0,
      "isConiferBlock": false
    },
    "croptopia:avocado_crop": {
      "spawnRateFactor": 1.0,
      "isConiferBlock": false
    },
    "betternether:lumabus_vine": {
      "spawnRateFactor": 1.0,
      "isConiferBlock": false
    },
    "betternether:willow_sapling": {
      "spawnRateFactor": 1.0,
      "isConiferBlock": false
    },
    "croptopia:dragonfruit_crop": {
      "spawnRateFactor": 1.0,
      "isConiferBlock": false
    },
    "betternether:blooming_vine": {
      "spawnRateFactor": 1.0,
      "isConiferBlock": false
    },
    "croptopia:persimmon_crop": {
      "spawnRateFactor": 1.0,
      "isConiferBlock": false
    },
    "croptopia:starfruit_crop": {
      "spawnRateFactor": 1.0,
      "isConiferBlock": false
    },
    "croptopia:nutmeg_crop": {
      "spawnRateFactor": 1.0,
      "isConiferBlock": false
    },
    "betternether:nether_reed_stem": {
      "spawnRateFactor": 1.0,
      "isConiferBlock": false
    },
    "betternether:mushroom_fir_sapling": {
      "spawnRateFactor": 1.0,
      "isConiferBlock": false
    },
    "betternether:orange_mushroom": {
      "spawnRateFactor": 1.0,
      "isConiferBlock": false
    },
    "betternether:ink_bush": {
      "spawnRateFactor": 1.0,
      "isConiferBlock": false
    },
    "betternether:whispering_gourd_vine": {
      "spawnRateFactor": 1.0,
      "isConiferBlock": false
    },
    "croptopia:kumquat_crop": {
      "spawnRateFactor": 1.0,
      "isConiferBlock": false
    },
    "betternether:golden_lumabus_vine": {
      "spawnRateFactor": 1.0,
      "isConiferBlock": false
    },
    "betternether:neon_equisetum": {
      "spawnRateFactor": 1.0,
      "isConiferBlock": false
    },
    "croptopia:apple_crop": {
      "spawnRateFactor": 1.0,
      "isConiferBlock": false
    },
    "betternether:potted_plant": {
      "spawnRateFactor": 1.0,
      "isConiferBlock": false
    },
    "croptopia:grapefruit_crop": {
      "spawnRateFactor": 1.0,
      "isConiferBlock": false
    },
    "vinery:cherry_leaves": {
      "spawnRateFactor": 1.0,
      "isConiferBlock": false
    },
    "vinery:grapevine_leaves": {
      "spawnRateFactor": 1.0,
      "isConiferBlock": false
    },
    "snowyspirit:glow_lights_green": {
      "spawnRateFactor": 1.0,
      "isConiferBlock": false
    },
    "snowyspirit:glow_lights_red": {
      "spawnRateFactor": 1.0,
      "isConiferBlock": false
    },
    "snowyspirit:glow_lights_blue": {
      "spawnRateFactor": 1.0,
      "isConiferBlock": false
    },
    "snowyspirit:glow_lights_gray": {
      "spawnRateFactor": 1.0,
      "isConiferBlock": false
    },
    "snowyspirit:glow_lights_pink": {
      "spawnRateFactor": 1.0,
      "isConiferBlock": false
    },
    "snowyspirit:glow_lights_black": {
      "spawnRateFactor": 1.0,
      "isConiferBlock": false
    },
    "snowyspirit:glow_lights_orange": {
      "spawnRateFactor": 1.0,
      "isConiferBlock": false
    },
    "snowyspirit:glow_lights_lime": {
      "spawnRateFactor": 1.0,
      "isConiferBlock": false
    },
    "snowyspirit:glow_lights_brown": {
      "spawnRateFactor": 1.0,
      "isConiferBlock": false
    },
    "snowyspirit:glow_lights_white": {
      "spawnRateFactor": 1.0,
      "isConiferBlock": false
    },
    "snowyspirit:glow_lights_magenta": {
      "spawnRateFactor": 1.0,
      "isConiferBlock": false
    },
    "snowyspirit:glow_lights_light_gray": {
      "spawnRateFactor": 1.0,
      "isConiferBlock": false
    },
    "snowyspirit:glow_lights_yellow": {
      "spawnRateFactor": 1.0,
      "isConiferBlock": false
    },
    "snowyspirit:glow_lights_light_blue": {
      "spawnRateFactor": 1.0,
      "isConiferBlock": false
    },
    "snowyspirit:glow_lights_cyan": {
      "spawnRateFactor": 1.0,
      "isConiferBlock": false
    },
    "snowyspirit:glow_lights_prismatic": {
      "spawnRateFactor": 1.0,
      "isConiferBlock": false
    },
    "snowyspirit:glow_lights_purple": {
      "spawnRateFactor": 1.0,
      "isConiferBlock": false
    }
  },
  "leafSpawners": [],
  "fallSpawnRateFactor": 1.8,
  "winterSpawnRateFactor": 0.1,
  "startingSpawnRadius": 0,
  "decaySpawnRateFactor": 2.6,
  "maxDecayLeaves": 9
}